Job_Title,Location
Data Scientist,"Chevy Chase, MD"
Tech Intern - Data Scientist,"Philadelphia, PA"
Data Scientist,"Chicago, IL"
NLP Engineer/Data Scientist,"Jacksonville, FL"
Data Scientist,"Monroe, WI"
Data Scientist,"Denver, CO"
Data Engineer - Warehouse and B.I.,"Austin, TX"
Entry Level Data Scientist,United States
Full Time Opportunities for Students or Recent Graduates: Data & Applied Sciences,"Redmond, WA"
Data Scientist and Visualization Specialist,"Santa Clara Valley, CA"
Jr. Data Scientist,"Carrollton, TX"
Data Scientist Intern,"Bellevue, WA"
Data Scientist,United States
Data Scientist,"Austin, TX"
Data Scientist,"Austin, TX"
2020 Intern - Data Scientist,United States
MAIDAP Data Scientist- Students and Recent Graduates,"Cambridge, MA"
Data Scientist,"Denver, CO"
Data Scientist,"Draper, UT"
Data Scientist,"Hanscom AFB, MA"
Data Scientist,"Seattle, WA"
Marketing Data Scientist,"Austin, TX"
Data Scientist/Statistician - Growth,"Bellevue, WA"
Data Scientist with AWS experience,"Chicago, IL"
Data Scientist,"Lompoc, CA"
Data Scientist (Machine Learning),"Santa Clara Valley, CA"
Data Scientist (Jr. to Sr. Level),"Portland, OR"
Data Scientist - Corporate Analytics,"Seattle, WA"
Data Scientist,"Dallas, TX"
FY20 Intern Conversion: Data Scientist,"San Bruno, CA"
Data Scientist - Sports,"Austin, TX"
"decision scientist, Marketing Applied Analytics - Seattle, WA","Seattle, WA"
Data Scientist - Experimentation,"Seattle, WA"
Associate Data Scientist (BS / MS),"Spring, TX"
Data Science Graduate Internship,"Beaverton, OR"
Tech Intern - Data & Machine Learning Engineer,"Sunnyvale, CA"
"Data Scientist, Applied Machine Learning","Chicago, IL"
Data Scientist,"Hanscom AFB, MA"
Data Scientist,"Seattle, WA"
Marketing Data Scientist,"Austin, TX"
Data Scientist/Statistician - Growth,"Bellevue, WA"
Data Scientist with AWS experience,"Chicago, IL"
Data Scientist,"Lompoc, CA"
Data Scientist (Machine Learning),"Santa Clara Valley, CA"
Data Scientist (Jr. to Sr. Level),"Portland, OR"
Data Scientist - Corporate Analytics,"Seattle, WA"
Data Scientist,"Dallas, TX"
FY20 Intern Conversion: Data Scientist,"San Bruno, CA"
Data Scientist - Sports,"Austin, TX"
"decision scientist, Marketing Applied Analytics - Seattle, WA","Seattle, WA"
Data Scientist - Experimentation,"Seattle, WA"
Associate Data Scientist (BS / MS),"Spring, TX"
Data Science Graduate Internship,"Beaverton, OR"
Tech Intern - Data & Machine Learning Engineer,"Sunnyvale, CA"
"Data Scientist, Applied Machine Learning","Chicago, IL"
Data Scientist,"Hanscom AFB, MA"
Data Scientist,"Seattle, WA"
Marketing Data Scientist,"Austin, TX"
Data Scientist/Statistician - Growth,"Bellevue, WA"
Data Scientist with AWS experience,"Chicago, IL"
Data Scientist,"Lompoc, CA"
Data Scientist (Machine Learning),"Santa Clara Valley, CA"
Data Scientist (Jr. to Sr. Level),"Portland, OR"
Data Scientist - Corporate Analytics,"Seattle, WA"
Data Scientist,"Dallas, TX"
FY20 Intern Conversion: Data Scientist,"San Bruno, CA"
Data Scientist - Sports,"Austin, TX"
"decision scientist, Marketing Applied Analytics - Seattle, WA","Seattle, WA"
Data Scientist - Experimentation,"Seattle, WA"
Associate Data Scientist (BS / MS),"Spring, TX"
Data Science Graduate Internship,"Beaverton, OR"
Tech Intern - Data & Machine Learning Engineer,"Sunnyvale, CA"
"Data Scientist, Applied Machine Learning","Chicago, IL"
Data Scientist,"Tampa, FL"
Sr Data Scientist,"Atlanta, GA"
Undergraduate Internship/Co-op Program - Data Scientist,"Washington, DC"
Senior Data Scientist,"Boston, MA"
NLP Data Scientist,"Columbus, OH"
Data Scientist (PhD Statistics ONLY),"Charlotte, NC"
Data Scientist,"Dallas, TX"
Associate Data Scientist,"Austin, TX"
Data & Applied Scientist,"Redmond, WA"
Data Scientist CE Data Analytics,"Framingham, MA"
Full Time Opportunities for PhD Students or Recent Graduates: Data & Applied Sciences,"Redmond, WA"
Staff Data Scientist - Technology,"Dallas, TX"
Data Scientist,"Princeton, NJ"
"Business Data Scientist, Apple Media Products Data Science","Santa Clara Valley, CA"
Data Scientist-Pricing,"Richfield, MN"
Data Scientist - Machine Learning Engineer,"Santa Clara Valley, CA"
Data Scientist,"Minneapolis, MN"
Data Scientist,"Miami Lakes, FL"
Senior Data Scientist,"Chevy Chase, MD"
Data Scientist / Analytic Consultant 4,"Dallas, TX"
Data Scientist,"Atlanta, GA"
Data Scientist 1,"San Jose, CA"
Data Scientist,"Pembroke Pines, FL"
Data Scientist - Mid Level,"San Antonio, TX"
Data Scientist,"Chicago, IL"
Data Scientist,"New York, NY"
Data Scientist,"Houston, TX"
"Content Data Scientist, Apple Media Products Data Science","Culver City, CA"
Internship Opportunities for Students: Data & Applied Sciences,"Redmond, WA"
Data Science and Strategy Extern,"Redwood City, CA"
Data Scientist - Entry Level,"Sacramento, CA"
Data Sciences & AI Graduate Programme - US,"Waltham, MA"
Data Science Engineer,"Austin, TX"
"Video Business Data Scientist, Apple Media Products Data Science","Santa Clara Valley, CA"
"Associate, Data Science","Lewisville, TX"
Data Scientist,"Monmouth County, NJ"
Senior Data Scientist,"Knoxville, TN"
Data Scientist Technical Specialist,"McLean, VA"
A.I. Data Labeling Team Intern,"Winter Park, FL"
"Data Scientist, Marketplace – all levels","New York, NY"
"Associate Data Scientist, Online","Atlanta, GA"
"Siri - Embedded Data Scientist, Data organization","Santa Clara Valley, CA"
Data Scientist,"Palo Alto, CA"
"Data Scientist, Analytics","Seattle, WA"
"Siri - Data Scientist, Data Organization","Santa Clara Valley, CA"
Professional Data Scientist - Applied Machine Learning and Advertising Modeling,"Plano, TX"
Entry Level Data Scientist,"Herndon, VA"
"data scientist, Econometrician- Marketing Operations- Seattle, WA","Seattle, WA"
"Siri - Embedded Data Scientist, Data Organization","Pittsburgh, PA"
Data Scientist / Economist,"San Jose, CA"
Data Scientist,"Reston, VA"
Data Scientist,"San Jose, CA"
Lead Data Scientist,"Mountain View, CA"
Data Scientist,"Boston, MA"
Senior Data Scientist,"Fort Lee, NJ"
Data Scientist,"Buffalo, NY"
Data Scientist Intern,"Johnston, RI"
Data Scientist,Remote
Data Scientist,"Austin, TX"
"Corporate Control Management - Data Scientist, Natural Language Processing – Associate","Plano, TX"
Consultant Statistics and Data Science,"Houston, TX"
Data Scientist,"Watertown, MA"
Data Scientist - Healthcare Exp Required,"Austin, TX"
Chemical Data Scientist,"Austin, TX"
Data Engineer / Scientist (Spark + AI 2019),"Santa Clara Valley, CA"
Data Scientist,"Bentonville, AR"
"Data Scientist, Energy Platform - Houston, TX","Houston, TX"
Data Scientist,Texas
Data Scientist,"Boston, MA"
Graduate Studies Program - Data Scientist,"Washington, DC"
Data Scientist,"Wayne, PA"
Data Scientist,"Newark, NJ"
Data Scientist,"San Jose, CA"
Data Scientist,"Washington, DC"
Data Scientist / Analytic Consultant 4,"Irving, TX"
Data Scientist - Tech,"Bentonville, AR"
"Associate, Artificial Intelligence & Machine Learning","New York, NY"
Fandango-Data Scientist,"Beverly Hills, CA"
"decision scientist, Media Applied Analytics - Seattle, WA","Seattle, WA"
Data Scientist - Technology,"Dallas, TX"
"Paid Summer Intern - Graduate, Data Scientist","San Francisco, CA"
Data Scientist – Personalization,"New York, NY"
Data Science Internship,"Ridgeland, MS"
Data Scientist - Applied Machine Learning,"Santa Clara Valley, CA"
Data Scientist,"Brenton, WV"
Data Scientist - Data Analytic Consultant,"Phoenix, AZ"
Applied Scientist - Sensors - AI/ML,"Seattle, WA"
Sr Data Scientist 0380,"Philadelphia, PA"
Data Scientist,"New York, NY"
"Director, Actuarial Data Scientist","Austin, TX"
Data Scientist,"San Francisco, CA"
Data Scientist I,"Greenville, SC"
Data Scientist -- DoD Focused,"Aberdeen Proving Ground, MD"
Machine Learning Scientist / Engineer (NeurIPS 2019),"Santa Clara Valley, CA"
Data Scientist,United States
SMB Data Science & Analytics Intern,"Hillsboro, OR"
"Apple Podcasts Data Scientist, Apple Media Products Data Science","Santa Clara Valley, CA"
Data Scientist,"Houston, TX"
"Machine Learning Engineer, Apple Media Products Data Science","Culver City, CA"
"Internships, Data Strategy/Data Science- Summer 2020",United States
Data Scientist,"New York, NY"
"Senior Data Scientist - Econometrics, Mix Modeling, Forecasting Data Scientist","Austin, TX"
Data Scientist Intern,"San Diego, CA"
Data Scientist,"Fort Worth, TX"
Decision Scientist,"San Jose, CA"
Data Scientist,"Atlanta, GA"
Associate Data Scientist,"Jacksonville, FL"
Data Visualization Specialist/Data Scientist,"Oklahoma City, OK"
Data Scientist 1,"San Jose, CA"
Data Scientist,"Reston, VA"
Data Scientist / Analytic Consultant 4,"Addison, TX"
Data Scientist I,"Little Rock, AR"
Professional Data Scientist - Applied Machine Learning and Advertising Modeling,"Plano, TX"
Data Scientist - Product Operations,"Santa Clara Valley, CA"
Data Science Intern (BS / MS) - Intern,"Spring, TX"
Associate Data Scientist SNKRS,"New York, NY"
Data Science - New College Graduate,"Palo Alto, CA"
SWE Data Scientist,"Santa Clara Valley, CA"
2020 Summer Internship - Data Science,"Ann Arbor, MI"
Data Science Engineer,"Austin, TX"
Machine Learning Scientist,"Austin, TX"
Computational support for Machine Learning and LSTM,"Santa Clara Valley, CA"
Data Scientist,"Denver, CO"
Data Scientist,"Newark, NJ"
Data Scientist,"Philadelphia, PA"
"Data Scientist - Deloitte (Remote, Freelance/Contract)","New York, NY"
Principal Data Scientist,"Dallas, TX"
Machine Learning Senior Data Scientist,"Boston, MA"
Data Scientist: Deep Learning & NLP,"Menlo Park, CA"
Data Scientist - Insights & Modeling,"San Mateo, CA"
Quantitative Data Scientist,"Salt Lake City, UT"
Data Scientist (Austin),"Austin, TX"
"Data Scientist, Apple Media Products","Santa Clara Valley, CA"
"Machine Learning Engineer, Proactive Intelligence","Santa Clara Valley, CA"
Data Scientist / Analyst,United States
Data Scientist,"San Antonio, TX"
Candidate Identified - Senior Data Scientist,"Bentonville, AR"
Senior Data Scientist,"Los Gatos, CA"
Data Scientist - Nationwide Opportunities,"Austin, TX"
Senior Data Scientist,"Hartford, CT"
Data Scientist/Statistician (Statistical Modeling),"Dallas, TX"
Senior Data Scientist,"San Mateo, CA"
Data Scientist,"Washington, DC"
Data Scientist,"Plano, TX"
Data Scientist,"Washington, DC"
Lead Data Scientist,"Alexandria, VA"
Data scientist,"San Jose, CA"
"2020 Intern - Data Scientist Intern, Chief Analytics Office","Armonk, NY"
Data Science Intern,"Sunnyvale, CA"
Machine Learning Intern,"New York, NY"
Senior Data Scientist - Aviation,"San Francisco, CA"
Auditor I - Data Mining,Remote
Data Scientist,"San Francisco, CA"
Data Scientist,United States
Data Scientist,"Plano, TX"
Data Scientist Intern,"Carlsbad, CA"
Data Science Intern,"Raleigh, NC"
Siri - Machine Learning Scientist,"Seattle, WA"
Lead Data Scientist,"Carrollton, TX"
Data Scientist,"Lexington Park, MD"
Data Science Engineer (2 years exp required),"Natick, MA"
Data Scientist - Data Analytic Consultant,"Charlotte, NC"
Senior Data Scientist - Advanced Analytics (763882),"Burbank, CA"
Data Engineer,"Chicago, IL"
Data Engineer/Scientist,"New York, NY"
Lead Data Scientist,"New Britain, CT"
Data Scientist,"Southlake, TX"
Intern- Analytics & Data Science - Summer 2020,"Phoenix, AZ"
Data Scientist,"Sioux Falls, SD"
Data Science Intern,"Berkeley, CA"
Data Scientist,"Austin, TX"
"App Store Business Data Scientist, Apple Media Products Data Science","Santa Clara Valley, CA"
Machine Learning/Artificial Intelligence TAD,"McKinney, TX"
"Data Scientist, Infrastructure Strategy Intern","Seattle, WA"
Data Scientist,"Austin, TX"
Health Sensing Data Scientist,"Santa Clara Valley, CA"
Sr. Data Scientist / Analytic Consultant 5,"Addison, TX"
Sr. Data Scientist,"New York, NY"
Data Scientist,"New York, NY"
Data Scientist,"Chicago, IL"
Sr. Data Scientist,"Chicago, IL"
Data Scientist,"Washington, DC"
Principal Data Scientist,"Santa Clara, CA"
Data Scientist,"Plano, TX"
Data Scientist,"San Jose, CA"
"Data Scientist, Content Analytics","New York, NY"
Data Scientist,Remote
"Specialist, Data Science - Telecom, Media, Tech","Atlanta, GA"
Siri - ML Engineer - Data Analytics,"Santa Clara Valley, CA"
Data Scientist,United States
"Data Scientist, Analytics, Intern","New York, NY"
Machine Learning Internship (Neurips 2019),"Santa Clara Valley, CA"
CIB data+design - Data Scientist - VP,"New York, NY"
"Data Science Summer 2020 Internships – New York, NY","New York, NY"
Data Science Internship (Graduate),"New York, NY"
Data Scientist,"Cincinnati, OH"
Data Scientist,"Alpharetta, GA"
"Data Scientist – Disney+ Product, Commerce","New York, NY"
IoT Data Scientist,"Fort Mill, SC"
Data Scientist,"Spartanburg, SC"
Senior/Principal Data Scientist,"Houston, TX"
Data Engineer/Scientist for Autonomous Driving Data Cloud,"Newark, CA"
Data Scientist/Machine Learning Engineer,"Harrisburg, PA"
American Express Campus Graduate – 2020 Digital Analytics/Data Science Summer Internship,United States
"Data Scientist, Auction & Delivery Intern","Menlo Park, CA"
Associate Data Science Engineer,"San Francisco, CA"
Data Scientist I,"Dallas, TX"
"2020 Intern - Junior Data Scientist Intern, Chief Analytics Office","Armonk, NY"
FY20 Intern Conversion: Data Scientist,"San Bruno, CA"
"Data Scientist Physical Modeling Intern, Facebook Connectivity Hardware","Menlo Park, CA"
Data Scientist,"Fort Worth, TX"
Data Scientist,"San Francisco, CA"
American Express Campus – 2020 Digital Analytics/Data Science Summer Internship,United States
Data Scientist,"Wright-Patterson AFB, OH"
Data Scientist,"Washington, DC"
Data Analyst/Sr Data Analyst,"Boston, MA"
Data Scientist I,"Greenville, SC"
Senior Data Scientist,"Bellevue, WA"
Data Scientist,"Downers Grove, IL"
Data Science Engineer,"Austin, TX"
Data Scientist,"Alexandria, VA"
Data Scientist 1,"San Jose, CA"
Measurement Data Scientist (SF),"San Francisco, CA"
"Transformation Data Scientist - Austin, TX","Austin, TX"
Machine Learning Eng Intern,"Boulder, CO"
Data Scientist,"Addison, TX"
Data Integrity Analyst (Data Scientist),"Santa Clara Valley, CA"
Data Scientist Internship,"Sunnyvale, CA"
Data Science Intern,"New York, NY"
"Data Scientist, Operations Research","San Antonio, TX"
eCommerce Data Science Analyst,United States
Machine Learning/Data Analyst,"Austin, TX"
Data Scientist,"Malvern, PA"
Data Scientist,"Framingham, MA"
Senior Data Scientist,"Chicago, IL"
Healthcare Data Scientist - Ph.D.,"Columbus, OH"
"Senior Data Scientist, Product - Resume Search","Austin, TX"
Data Scientist,"Denver, CO"
Senior Data Scientist/Analyst,"San Francisco, CA"
Principal Data Scientist,"New Britain, CT"
Data Scientist,"San Jose, CA"
Data Scientist,"Palo Alto, CA"
Data Science Internship,"Coraopolis, PA"
Data Scientist II (Seattle),"Seattle, WA"
"Data Scientist (OPT, CPT and EAD only)","Fort Mill, SC"
Machine Learning Evangelist,"San Francisco, CA"
Software Engineer/Data Scientist,"Santa Clara Valley, CA"
Machine Learning Engineer,"Santa Clara Valley, CA"
2020 Intern - Senior Data Scientist,United States
Data Scientist,"Bentonville, AR"
Data Scientist II,"Bellevue, WA"
Senior Data Scientist,"Washington, DC"
Data Scientist - Data Analytic Consultant,"Minneapolis, MN"
Data Scientist,"Austin, TX"
Data Scientist,"Plano, TX"
Senior Data Scientist,"Charlotte, NC"
Principal Data Scientist (USBU),"Lexington, MA"
Senior Data Scientist-Systems Engineering,"Cambridge, MA"
Lead Data Scientist,"New York, NY"
Applied Machine Learning Researcher,"Seattle, WA"
"Data Scientist, Material Planning","Fremont, CA"
Data Scientist - Intern,"San Francisco, CA"
Machine Learning Intern,"Playa Vista, CA"
2020 Intern - Data Scientist Intern/Coop (EO&S),"Research Triangle Park, NC"
"Paid Summer Intern - Undergraduate, Data Science","San Francisco, CA"
Training and Placement on Data Science,"Carrollton, TX"
"Data Scientist Intern, SBG Small Business Group (PhD)","San Francisco, CA"
Data Science Member Experience (Graduate),"Hartford, CT"
Data Science / Machine Learning Engineer (INFORMS 2019),"Santa Clara Valley, CA"
Data Scientist (NLP),"Baltimore, MD"
Data Scientist,"Fairfax, VA"
Data Scientist I,"Little Rock, AR"
Risk Analytics Data Scientist,"Irving, TX"
Lead Data Scientist,"Alpharetta, GA"
Sr. Data Scientist,"Chicago, IL"
Data Scientist,"Washington, DC"
Data Scientist,"Alpharetta, GA"
Fitness Performance Data Scientist,"Santa Clara Valley, CA"
Data Scientist,"Washington, DC"
Data Science Intern - Summer 2020,"Richardson, TX"
Data Scientist Researcher,"Houston, TX"
Lead Data Scientist,"Bellevue, WA"
Principal Data Scientist - Technology,"Dallas, TX"
Business Analyst - Data Sciences and Advanced Analytics,"Austin, TX"
Data Scientist and Designer,"Palo Alto, CA"
Data Scientist (Entry level),"Redmond, WA"
"Data Scientist, Analytics (Integrity)","Seattle, WA"
Sr. Data Scientist,"Valhalla, NY"
Data Scientist Manager,"Chicago, IL"
Data Scientist - Capital Markets,"Washington, DC"
Data Scientist Senior,"St. Louis, MO"
Intern - Data Science (Summer 2020),"Fort Wayne, IN"
Data Scientist,"Plano, TX"
Senior Data Scientist,"Atlanta, GA"
Genomic Data Scientist,"Gaithersburg, MD"
Data scientist,"San Jose, CA"
"Product Analyst, Data Science","New York, NY"
"Data Scientist, Analytics (AR/VR)","Los Angeles, CA"
"Intern, Data Science (Summer 2020)","Hollywood, CA"
PwC Labs - Jr. Data Scientist - Machine Learning (NLP),"Tampa, FL"
Tech Intern - Data Scientist,"Philadelphia, PA"
"Machine Learning /Artificial Intelligence - Product Analyst - Columbus, OH","Columbus, OH"
"senior data scientist, AI & ML Team - Seattle, WA","Seattle, WA"
"Sourcing Specialist, Artificial Intelligence and Machine Learning","Mountain View, CA"
"Data Scientist, Product Analytics","New York, NY"
Data Scientist / Statistician / Economist,"Santa Clara Valley, CA"
Data Scientist II,"Malvern, PA"
Computational Biologist/Data Scientist,"Cambridge, MA"
Data Scientist,"Seattle, WA"
Senior Data Scientist,"Washington, DC"
Data Scientist,"Denver, CO"
Data Scientist - Data Analytic Consultant,"Phoenix, AZ"
Data Scientist - Disney+,"Glendale, CA"
Deep Learning Engineer,"San Francisco, CA"
Data Scientist I,"Greenville, SC"
Senior Business Data Analyst (CCAR),"Irvine, CA"
Data Engineer,"Dallas, TX"
Data Scientist,"Seattle, WA"
Senior Applied Machine Learning Scientist,"Los Angeles, CA"
Data Scientist,"Manhattan, NY"
Data Scientist in Applied Artificial Intelligence (Internship),"Salt Lake City, UT"
Senior Data Analyst,Texas
"Data Scientist, PhD University Graduate, 2019 Start","Mountain View, CA"
Data Science Internship (Undergraduate),"New York, NY"
"Data Scientist II, Thor Engineering AGRGT","Charlotte, NC"
"Data Scientist II, Thor Engineering","Charlotte, NC"
Data Scientist I,"Plano, TX"
Chief Data Scientist,"Norfolk, VA"
Sr. Data Analyst 0984,"Chandler, AZ"
Data Scientist,"Plano, TX"
Sr. Data Analyst,"New York, NY"
Data Scientist 1,"San Jose, CA"
Predictive Data Analytics / Machine Learning,"Nantucket, MA"
Data Scientist @ Apple Inc.,"Austin, TX"
"Computational Immunologist, Immunology Data Science","Spring House, PA"
Senior Data Scientist - Technology,"Dallas, TX"
Data Scientist (Intern) - United States,"San Jose, CA"
AI Deep learning/Big data Engineer Internship,"San Jose, CA"
"Data Scientist - Fraud Engineering, Algorithms, and Risk","Santa Clara Valley, CA"
"Data Scientist, SBG","Menlo Park, CA"
Data Scientist,"Irving, TX"
"Associate, Data Science and Client Analytics","Princeton, NJ"
Data Scientist,"Jersey City, NJ"
Machine Learning Data Scientist,"Albany, OR"
Senior Data Scientist,"Chicago, IL"
Atmospheric Data Scientist,"Cambridge, MA"
Data Scientist/Machine Learning Engineer,"Seattle, WA"
Data Scientist – Predictive & Prescriptive Analytics,"Irving, TX"
Data Scientist,"Alpharetta, GA"
Data Scientist,"Washington, DC"
Lead Data Scientist,"Philadelphia, PA"
"Behavioral Data Scientist, Health Strategic Initiatives","Santa Clara Valley, CA"
Data Scientist Associate - Workforce Analytics,"Jersey City, NJ"
Intern - Statistical/Machine Learning Analyst,"Atlanta, GA"
"Data Scientist, Junior","Seattle, WA"
DATA SCIENTIST,United States
Data Scientist - SLHE,"Sacramento, CA"
Data Scientist – Content Marketing Engagement,"New York, NY"
"Data Scientist, SPG Systems Engineering","Santa Clara Valley, CA"
Data Scientist - Intern,"Seattle, WA"
EPM - Machine Learning Platform,"Seattle, WA"
Data Scientist,"Saint Paul, MN"
Machine Learning Data Scientist,"Ipswich, MA"
NLP Data Scientist /Analytic Consultant 4,"Irving, TX"
Data Scientist/Analyst,"Long Beach, CA"
"Head of Data Science, Search","Boston, MA"
Data Scientist,"Plano, TX"
Data Scientist,"San Jose, CA"
"Data Scientist, Operations Data Science","Mountain View, CA"
Grad Intern Data Scientist (Summer 2020),"Hershey, PA"
Urgent Need Data Scientist,"Dublin, OH"
Staff Data Scientist - Tech,"Bentonville, AR"
Data Scientist,"San Francisco, CA"
"Data Scientist, Content Platform","New York, NY"
"Senior Data Scientist, Growth Marketing","Los Gatos, CA"
Entry Level Federal Associate Data Science,"Washington, DC"
Data Scientist – Premium Analytics,"New York, NY"
Siri - Machine Learning Engineer / Scientist,"Santa Clara Valley, CA"
Software Engineer/Jr Data Scientist,"Fairfax, VA"
Statistics and Data Science Engineer,"Tucson, AZ"
Data Scientist,"Laurel, MD"
Senior Data Scientist,"New York, NY"
Sr. Data Scientist,"Chicago, IL"
Data Scientist,"Alpharetta, GA"
Data Scientist Senior,"Plano, TX"
D3 - Geospatial Data Scientist,"Charlotte, NC"
2020 Artificial Intelligence/Machine Learning Graduate Summer Intern,"San Francisco, CA"
University Recruiting Campus Events - Entry Level Data Scientists,"Austin, TX"
Game Mathematician,Remote
Data Scientist,"Palo Alto, CA"
Data Scientist,"Plano, TX"
Associate Data Scientist,"New York, NY"
2020 PhD Data Scientist Internship - Uber Eats (San Francisco),"San Francisco, CA"
Search and Information Retrieval Engineer / Data Scientist (SIGIR 2019),"Santa Clara Valley, CA"
"Data Scientist, CoreApp","Menlo Park, CA"
Data Scientist,"Fort Worth, TX"
Sr. Data Scientist,"Spartanburg, SC"
Data Scientist - Data Analytic Consultant,"Des Moines, IA"
Data Scientist,"Malvern, PA"
Data Scientist,"Fairfax, VA"
Data Scientist,"Spokane, WA"
Data Scientist,"Washington, DC"
Machine Learning Engineer,"Abilene, TX"
Data Scientist,"San Jose, CA"
Data Scientist,"Atlanta, GA"
"Manager, Data Science","Austin, TX"
Data Science Manager,"Seattle, WA"
Data Scientist/ Storyteller,United States
Data Science Senior Analyst,"Plano, TX"
Machine Learning Intern,"Santa Clara Valley, CA"
"Data Scientist, Analytics - Instagram ML","New York, NY"
Data Scientist,"Aguadilla, PR"
Data Engineer and Machine Learning Intern,"San Jose, CA"
Data Scientist,"Fremont, CA"
Data Scientist,"Denver, CO"
Data Scientist II,"Costa Mesa, CA"
Senior Data Scientist,"Washington, DC"
Data Scientist I,"Little Rock, AR"
D3 - Geospatial Data Scientist,"Chicago, IL"
Data Scientist - Defense & Intelligence,"Fort Meade, MD"
Data Scientist/Visualization Master,"Los Angeles, CA"
Data Scientist - 2020 Summer Intern,"Atlanta, GA"
"Data Scientist II, Consumer Analytics","Seattle, WA"
Data Scientist Internship,"Raleigh, NC"
DATA SCIENTIST - SPACE OPTIMIZATION,"Atlanta, GA"
Data & Applied Scientist ll,"Redmond, WA"
Research Scientist - Machine Learning for Autonomous Driving Behavior,"Austin, TX"
"Hiring!!! Data Scientist--Dallas, TX--Fulltime","Dallas, TX"
"Intern, Data Scientist","San Diego, CA"
Data Scientist,United States
Health Data Analyst/Scientist,"Dedham, MA"
Director & Data Scientist - Group Benefits Data Science,"Hartford, CT"
AI Data Scientist,"Washington, DC"
Data Scientist – ESPN+,"New York, NY"
Chief Data Officer,"Plymouth Meeting, PA"
Sr. Data Analyst,"Tempe, AZ"
Data Scientist - Data Analytic Consultant,"Charlotte, NC"
Data scientist,"San Jose, CA"
Data Scientist,"Chantilly, VA"
Senior Data Scientist,"Atlanta, GA"
Advance Technology Group Data Scientist,"Atlanta, GA"
Machine Learning Engineer,"Detroit, MI"
DATA SCIENTIST - EVIDENCE BASED CARE DESIGN,"Albuquerque, NM"
AI/Machine Learning Engineer,"Santa Clara Valley, CA"
Senior Data Scientist - BlackLocus,"Austin, TX"
"ASSOCIATE DATA SCIENTIST, SPACE OPTIMIZATION","Atlanta, GA"
Data Scientist,"Roseburg, OR"
Data Scientist,"Salt Lake City, UT"
Consumer Insights Data Scientist,"Champaign, IL"
Democratization Data Scientist,"Dearborn, MI"
"Data Scientist, Capital","San Francisco, CA"
Data Scientist,"Dallas, TX"
Data Scientist Intern - Pricing Strategy and Analytics,"San Diego, CA"
Senior Data Scientist,"Seattle, WA"
"AML Statistician-Scenario Development R, SAS, SQL","Tampa, FL"
Product Manager - Spatial Analytics & Data Science,"Redlands, CA"
"Consultant Statistics and Data Science- Houston,TX","Houston, TX"
Data Science Consultant,"Round Rock, TX"
Premier Field Engineer - Data & AI,United States
Data Scientist,"New York, NY"
Campus Recruitment - 2020 Finance Data Science Summer Internship,United States
DATA SCIENCE INTERN,"Atlanta, GA"
Applied Machine Learning Researcher - NLP,"Seattle, WA"
Machine Learning for Audio Analytics Intern,"Sunnyvale, CA"
Data Scientst,"Seattle, WA"
Intern - Data Scientist,"Dulles, VA"
Data Scientist - GLCC,"Niles, IL"
NLP Data Scientist /Analytic Consultant 4,"Dallas, TX"
Data Scientist,"St. Louis, MO"
Sr. Data Scientist,"Burlington, MA"
Senior Data Scientist,"Washington, DC"
"Data Scientist - Python, R, SQL, Looker","Bellevue, WA"
Data Scientist I,"Plano, TX"
Data Scientist 3,"San Jose, CA"
Data Scientist,"Austin, TX"
Machine Learning Engineer,"Chicago, IL"
Jr. Machine Learning/Data science,"Redmond, WA"
Senior Data Scientist - Big Data,"Albany, NY"
Sr. Data Scientist - Group Benefits Data Science,"Hartford, CT"
"Data Scientist, Peacock, Direct-to-Consumer","New York, NY"
Junior Data Scientist,United States
Cognitive/Machine Learning - Data Scientist,"Boston, MA"
Data Science Interns,"Austin, TX"
Data Science Internship - Summer 2020,"Los Angeles, CA"
"Data Science Manager, Instagram Creation","San Francisco, CA"
Data Scientist Artificial Intelligence,United States
"Data Scientist, Marketing Analytics","Burbank, CA"
Data Scientist,United States
Machine Learning Application Intern- Audio Analytics,"Pittsburgh, PA"
Data Scientist - Data Analytic Consultant,"Phoenix, AZ"
Data Scientist,"Indianapolis, IN"
Data Scientist,"Alpharetta, GA"
R Programmer/Data Scientist,"Coppell, TX"
Entry Level Data Scientist,"Bethesda, MD"
Data Scientist,"Seattle, WA"
Senior Data Scientist,"Austin, TX"
Data Scientist Intern,"San Jose, CA"
Data Scientist - Customer Analytics,"San Bruno, CA"
Analytics and Data Science,United States
"Data Science Intern, Service Technologies","Irvine, CA"
Sr. Data Scientist - Batteries,"Santa Clara Valley, CA"
Data Science & Analytics Intern,"Carlsbad, CA"
Data Science Manager,"Santa Clara Valley, CA"
"Data Scientists, Machine Learning (3 Openings)","Atlanta, GA"
Lead Data Scientist,"San Jose, CA"
Data Science Engineer,"Boston, MA"
Data Scientist,"Plano, TX"
Senior Data Scientist,"Chicago, IL"
Data Scientist,"Washington, DC"
Data Scientist,"San Jose, CA"
Data Scientist I,"Greenville, SC"
Data Scientist,"Austin, TX"
Applied Data Scientist,"San Francisco, CA"
"Data Scientist Intern, Undergraduate Summer 2020","Santa Barbara, CA"
Machine Learning - Operations,"Santa Clara Valley, CA"
Computational Neuroscientist / Machine Learning Scientist,"Santa Clara Valley, CA"
Quantitative Analyst / Data Scientist - Opower Product Team,"Arlington, VA"
Data Scientist,"Mason, OH"
Data Scientist,"La Jolla, CA"
Data Scientist,"Dallas, TX"
"Data Scientist, Online","Atlanta, GA"
Data Scientist (Automotive / IoT Connected Products),"Portland, OR"
NLP Data Scientist /Analytic Consultant 4,"Tempe, AZ"
Siri - Machine Learning Manager,"Seattle, WA"
Data Scientist,"Edison, NJ"
Machine Learning Data Scientist,"Ipswich, MA"
Data Scientist,"San Jose, CA"
Internship – Multiple Locations – Data Science,"Seattle, WA"
Data Scientist,"San Francisco, CA"
Associate Data Scientist,"New York, NY"
Data Scientist - Rides,"San Francisco, CA"
Applied Scientist,"Redmond, WA"
Data Scientist,"Phoenix, AZ"
Sr. Data Scientist,"Portland, OR"
Principal Data Scientist - Tech,"Bentonville, AR"
"Data Scientist, Calibra (Blockchain)","Menlo Park, CA"
Senior Data Analyst - IT,"Chicago, IL"
Data Science Engineer,"Austin, TX"
Marketing Data Science Analyst (SQL/Python/Tableau/Alteryx),"Brentwood, TN"
Data Scientist,"Plano, TX"
Lead Data Scientist,"San Jose, CA"
Data Scientist 1,"San Jose, CA"
2020 Summer Intern - Data Scientist/Data Analytics (.com Calif Temp Mgmt),"Sunnyvale, CA"
Data Science Graduate Intern,"New York, NY"
Data Science - Summer Intern,"Los Angeles, CA"
Deep learning Research Engineer,"Santa Clara Valley, CA"
Data Science Manager - Uber Freight,"San Francisco, CA"
"Life Science Graduate Internship Program: Data Analysis, Technical or Business Strategy Roles","Burlington, MA"
"Data Science Internship - Graduate - Boston, MA (Summer 2020)","Boston, MA"
"Senior Data Scientist, Home & Explore","San Francisco, CA"
Data Scientist,"Plano, TX"
"Data Scientist, Chief Analytics Office","Armonk, NY"
Associate Data Scientist,"Richardson, TX"
Data Scientist - Data Analytic Consultant,"Minneapolis, MN"
Database Engineer / Data Scientist,"Redmond, WA"
Sr. Data Scientist,"Chicago, IL"
Data Scientist – Predictive & Prescriptive Analytics,"Irvine, CA"
"Assistant Director/Director I, Data Science","Boston, MA"
Data Scientist – Organizational Performance,"Rosemead, CA"
Data Scientist- Clearance Required,"Arlington, VA"
Amplify Summer 2020 - Data Scientist Intern,"Los Angeles, CA"
Data Intern,"Provo, UT"
Scientific Programmer I - Data Science -Core QBRC,"Dallas, TX"
NORTH AMERICA DATA SCIENCE,United States
Data Science Full-Time Student Opportunity (Graduate),"New York, NY"
Practice Area Lead - Machine Learning - Data & Analytics,"Denver, CO"
Data Science Internship,"Somerville, MA"
Data Scientist,"Austin, TX"
Data Scientist,United States
Senior Data Scientist,"Austin, TX"
Lead Data Scientist,"New York, NY"
Senior Data Scientist,"New York, NY"
"Head of Machine Learning, Supply Chain","Boston, MA"
"Senior Machine Learning Engineer, Data Science","Boston, MA"
Senior Data Scientist,"Los Angeles, CA"
Data Scientist,"San Jose, CA"
"Machine Learning Engineer, AI Research","Santa Clara Valley, CA"
MAIDAP Data Scientist- PhD Students and Recent Graduates,"Cambridge, MA"
"Data Engineer for Data Science, Analytics, Apple Media Products","Santa Clara Valley, CA"
Data Scientist,"Austin, TX"
Data Scientist,United States
Summer 2020 Data Science Intern,"Plano, TX"
Healthcare Data Analytic Consultant - Watson Health,"Smyrna, GA"
Join Raytheon in Modernizing Data Analytics Missions for Our Customers,"Washington, DC"
Create ML - Machine Learning Engineer,"Santa Clara Valley, CA"
"Sr. Data Scientist, Personalization","Portland, OR"
Data Scientist,"Washington, DC"
Data Analytics / HPC / Computational Data Scientist,"Vicksburg, MS"
Statistician/Data Analyst,"Washington, DC"
SAP Data Integration Consultant - West Region,"San Francisco, CA"
Data Scientist (Top Secret),"Vienna, VA"
"Data Engineer - Platform R&D (Maplewood, MN)","Maplewood, MN"
Data Scientist 1,"San Jose, CA"
Data Scientist,"Santa Ana, CA"
Data Scientist,"Rochester, NY"
Senior Data Scientist,"Washington, DC"
Data Scientist (Remote),"Los Angeles, CA"
Senior Data Scientist,"Washington, DC"
Machine Learning Performance Engineers,"San Diego, CA"
Data Scientist,"Austin, TX"
"Analyst, Applied Data and Machine Learning","San Francisco, CA"
AI Senior Data Scientist,United States
Sr. Data Scientist,Remote
"Machine Learning Engineer, Maps","Santa Clara Valley, CA"
"Digital & Information Services Intern – Data Science, Summer 2020","Minneapolis, MN"
DATA SCIENTIST,"Seattle, WA"
Data Science Full-Time Student Opportunity (Undergraduate),"New York, NY"
Junior Data Scientist- Secret Clearance,"Washington, DC"
Manufacturing Data Scientist,"Lake Forest, IL"
Senior NLP Data Scientist / Analytic Consultant 5,"Atlanta, GA"
Senior Data Scientist,"Fairfax, VA"
Data Scientist – Predictive & Prescriptive Analytics,"Irving, TX"
Machine Learning - New Graduate,"Mountain View, CA"
Sr Data Scientist- Assortment Optimization,"San Antonio, TX"
Data Science Internship,"San Jose, CA"
Technology Development Statistician,"Hillsboro, OR"
Machine Learning Engineer,"McLean, VA"
"Senior Fellow, Data Science - Telecom, Media, Tech","Atlanta, GA"
Senior Data Analyst - Tech (Data Science),"Plano, TX"
Data Scientist II - Customer Analytics,"San Antonio, TX"
Artificial Intelligence / Machine Learning Scientist,"Palo Alto, CA"
"Data Scientist, Advertising","Seattle, WA"
Data Scientist,"San Francisco, CA"
Senior Data Analyst,"Issaquah, WA"
Data Science Practice Lead,"Arlington, VA"
Senior Data Scientist,"Atlanta, GA"
Data Scientist I,"Little Rock, AR"
Lead Data Scientist,"San Jose, CA"
Data Scientist,"Cambridge, MA"
"Data Science, Intern (Record Linking)","San Francisco, CA"
"Data Scientist, Data Analytics & AI","Miami, FL"
Data Scientist,"San Antonio, TX"
Intern - Data Science,"Fort Worth, TX"
Big Data/AI/Machine Learning/Data Analytics Trainee,"San Jose, CA"
DATA ANALYTICS (COMPUTER SCIENCE) INTERN E,"Washington, DC"
Deep Learning Scientist - Autonomous Vehicles - New College Graduate,"Redmond, WA"
Research Scientist - Computer Vision and Machine Learning,"Seattle, WA"
Machine Learning Intern,"Carlsbad, CA"
Senior Data Scientist,"Washington, DC"
NLP Data Scientist /Analytic Consultant 4,"Charlotte, NC"
Lead Data Scientist,"Philadelphia, PA"
Data Scientist - Data Analytic Consultant,"Charlotte, NC"
Genomics Field Application Scientist - Experience with NGS Data Required,"St. Louis, MO"
Data Scientist,"Edison, NJ"
ICI Analytics Data Scientist,"Dearborn, MI"
Data Science Intern,"Cambridge, MA"
Data Scientist,"Seattle, WA"
Undergraduate Research Externship - Artificial Intelligence,United States
Data Scientist,"Austin, TX"
2020 Corporate Data Science Summer Internship,"Indianapolis, IN"
Data & Applied Scientist Manager,"Redmond, WA"
Sr. Data Scientist,"Salt Lake City, UT"
Data Science Interns,"Austin, TX"
Machine Learning Engineer,"Pittsburgh, PA"
"Senior Data Scientist, Digital","Cincinnati, OH"
Data Scientist,"Denver, CO"
Signal Processing- Machine Learning- AI Engineer/Scientist,"Raleigh, NC"
Data Scientist,"Alpharetta, GA"
Data Scientist - Health Care,"Emeryville, CA"
Data Scientist,"Austin, TX"
"Data Scientist- Advanced Analytics (Tech, Media & Telecom)","Chicago, IL"
"Data Scientist Intern, SBG Small Business Group (MBA)","San Francisco, CA"
People Data Scientist,"San Francisco, CA"
Exposure Data Scientist at EPA,"Research Triangle Park, NC"
Sr. Machine Learning Engineer – Apple Maps Search,"Santa Clara Valley, CA"
Data Scientist,"San Jose, CA"
"Machine Learning Scientist, Autopilot","Palo Alto, CA"
"Data Scientist, Analytics - New Product Experimentation","Menlo Park, CA"
Digital Marketing Data Scientist,"Santa Clara Valley, CA"
"Tech Intern - Software Engineer, Machine Learning","New York, NY"
NLP Data Scientist /Analytic Consultant 4,"Atlanta, GA"
Mopar Data Scientist,"Auburn Hills, MI"
Data Scientist - Data Analytic Consultant,"Phoenix, AZ"
Senior NLP Data Scientist / Analytic Consultant 5,"Irving, TX"
Data Scientist,"Lee's Summit, MO"
Data Scientist I,"Greenville, SC"
"Analyst I/II, Data Science","Boston, MA"
Data Scientist,"Washington, DC"
Data Science Intern,"Charlotte, NC"
Software Engineering Intern - Data Science AI/ML,"Fort Collins, CO"
Sr. Imaging Data Scientist,"Hillsboro, OR"
Data Scientist (PhD) - Intern,"Spring, TX"
Data Science Manager,"Ann Arbor, MI"
Industrial Engineer University Grad - Data Scientist,"Carlsbad, CA"
Data Science Internship - Summer 2020,"New York, NY"
Amway Data Scientist Internship,"Ada, MI"
"Data Scientist, Analytics - AR/VR Media","Menlo Park, CA"
Intern - Quantum Machine Learning for Quantum Computing,"Moffett Field, CA"
Data Scientist,"Alpharetta, GA"
Data Scientist,"Piscataway, NJ"
Data Scientist,"Plano, TX"
NLP Data Scientist /Analytic Consultant 4,"Minneapolis, MN"
Interns@swissre 2020 - Data Scientist Intern,"Armonk, NY"
Principal Research Data Scientist,"Boston, MA"
Computer Science & Data Analytics Residency,"New York, NY"
"Data Scientist, Advanced Marketing Analytics","New York, NY"
eCommerce Senior Data Scientist,United States
Machine Learning Intern (BS/MS),"Austin, TX"
"Siri - Analytics Engineer, Data Organization","Boulder, CO"
RPA Data Scientist,"Atlanta, GA"
Machine Learning / AI - Engineering & Research Internship,"Santa Clara Valley, CA"
Sr. Data Scientist,"Bentonville, AR"
Data Scientist,"Liverpool, NY"
Human Computer Interaction + Machine Learning Intern (Pittsburgh & Seattle),"Seattle, WA"
Data Scientist - Virtual,"Atlanta, GA"
Brand Analytics Data Scientist II,"Bellevue, WA"
"Data Scientist, Calibra Growth (Blockchain)","Menlo Park, CA"
Data Scientist,"Plano, TX"
Data Mining Co-Op Spring 2020,"Florence, KY"
"Sr. Data Scientist, Insights & Analytics","Seattle, WA"
Data Scientist/Machine Learning Expert - FT,"McLean, VA"
Machine/Deep Learning Data Scientist,"San Jose, CA"
Entry Level Azure Data Engineer - Perfect for recent grad!,"Dallas, TX"
Associate Data Scientist,"San Mateo, CA"
Arity- Sr Data Scientist - Geospatial,"Chicago, IL"
Lead Data Scientist,"Seattle, WA"
Principal Data Scientist,"Malvern, PA"
Senior NLP Data Scientist / Analytic Consultant 5,"Dallas, TX"
Sr. Data Scientist,"Southfield, MI"
Data Science Consultant,"Washington, DC"
Machine Learning Specialist,"Nashville, TN"
Data Science Intern - Priority Health,"Grand Rapids, MI"
Population Science Data Analyst I- Data Science- Department Administration,"Dallas, TX"
Data Scientist,"Irving, TX"
Data Scientist,United States
Data Scientist,"Washington, DC"
Vans Associate Data Scientist,"Costa Mesa, CA"
"Data Scientist, Calibra Marketing (Blockchain)","Menlo Park, CA"
Machine Learning Engineer/Data Scientist – Maps Search,"Santa Clara Valley, CA"
Data Scientist,"Atlanta, GA"
Data Science/Analyst Intern,"San Francisco, CA"
Data Scientist – Predictive & Prescriptive Analytics,"Boston, MA"
Data Science Engineer,"Boston, MA"
Data Scientist,"Plano, TX"
ISS Senior Data Analyst,"Visalia, CA"
Senior Business Data Analyst,"San Diego, CA"
Senior Data Scientist,"Atlanta, GA"
"Data Scientist - Tech Re-Entry - Armonk, NY","Armonk, NY"
"Data Scientist, Supply Chain Advanced Analytics","San Francisco, CA"
Data Scientist,"San Antonio, TX"
"Intern, Machine Learning Infrastructure","Mountain View, CA"
Data Scientist,"Seattle, WA"
Data Scientist,"Irving, TX"
"Associate Scientist, Data Science","Irving, TX"
Data Scientist,"New York, NY"
Associate Data Scientist,"New York, NY"
Intern- Data Scientist,"Westerville, OH"
Sr Strategic Consultant / Data Scientist (Patient Access),"New York, NY"
Sr. Data Analyst,"Boca Raton, FL"
Data Scientist,"Washington, DC"
IT001 Senior Data Scientist,"Greenbelt, MD"
Senior Data Scientist—Market Research,"Omaha, NE"
Data Scientist,"Orlando, FL"
Senior Data Scientist,"Washington, DC"
Principal Data Scientist,"Malvern, PA"
Data Scientist Intern,"Salt Lake City, UT"
"Supply Chain, Data Science Intern","Menlo Park, CA"
"Quantitative GMC and Data Strategist, Junior","Washington, DC"
CIMD - Marcus by Goldman Sachs - Decision and Data Scientist,"New York, NY"
Data Scientist I - 2020 Campus,"Atlanta, GA"
Data Scientist,"Plano, TX"
"Partner Engineer, Machine Learning, Global Technology Partners","Seattle, WA"
Data Scientist,"Manhattan, NY"
"Product Data Scientist, Internship","Chicago, IL"
Head of PS Artificial Intelligence & Data Science.,"Fort Collins, CO"
Manager Data Analytics,"Brooklyn Park, MN"
Lead Data Scientist,"San Jose, CA"
NLP Data Scientist /Analytic Consultant 4,"Irving, TX"
Senior Data Scientist,"Charlotte, NC"
Data Scientist – Predictive & Prescriptive Analytics,"Irvine, CA"
Data Scientist I,"Lansdale, PA"
Senior Data Scientist,"New York, NY"
Data Scientist,"Plano, TX"
Principal Data Scientist,"Bentonville, AR"
Associate Data Scientist,"Chicago, IL"
Data Scientist,"Pleasanton, CA"
Sr. Data Scientist - Scaled Enforcement Heuristics,"San Francisco, CA"
Data Scientist,"Irvine, CA"
Data Scientist,United States
Premier Field Engineer - Data & AI - CTJ,United States
Decision Scientist,"Menlo Park, CA"
Data Scientist -Cognitive/Machine Learning Professional 2-2,"Boston, MA"
CIB data+design - Data Scientist Manager - Executive Director,"New York, NY"
AI Data Manager,"Chicago, IL"
Data Scientist,"Malvern, PA"
Operations Research Analyst / Data Scientist,"Arlington, VA"
Business Analyst - Data Science,"Fort Wayne, IN"
"Director II, Data Science, GRM Product Design & Modeling Pricing Sophistication","Seattle, WA"
Senior Statistician,"Christiansted, VI"
Data Scientist,"Washington, DC"
"Machine Learning Engineer, AR/VR Discovery and Distribution","Los Angeles, CA"
Data Scientist,Remote
"Data Science Manager, SBG","San Francisco, CA"
Deep Learning Intern - Robotics,"Pittsburgh, PA"
Data Scientist (Full-Time),"Boston, MA"
Intern - Data Scientist (Summer 2020),"Boise, ID"
Senior Data Scientist- Health,"Santa Clara Valley, CA"
"Senior Data Analyst, Education",Remote
Senior Quantitative Data Analyst,"Austin, TX"
"Data Scientist, Digital Machine Learning","Vienna, VA"
Data Scientist – Predictive & Prescriptive Analytics,"Irving, TX"
Senior NLP Data Scientist / Analytic Consultant 5,"Tempe, AZ"
Data Engineer/Data Scientist,"Orlando, FL"
Data Science Engineer,"Austin, TX"
Data Scientist II,"Burlington, VT"
Senior Data Scientist,"Washington, DC"
Lead Data Scientist,"San Jose, CA"
Data Scientist,"South Jordan, UT"
Data Scientist,"Sunnyvale, CA"
"Data Scientist, Zillow Offers","Seattle, WA"
Data Science - 2020 Summer Intern,"Atlanta, GA"
Data Scientist,"Framingham, MA"
Senior Data Scientist,"San Francisco, CA"
Digital Business Data Science Intern 1,"Pittsburgh, PA"
Data Scientist I,"Dallas, TX"
"Machine Learning Scientist/Engineer, Maps","Santa Clara Valley, CA"
Data Scientist (Relocation to Saudi Arabia),"Houston, TX"
"Vice President, Data Science","Lewisville, TX"
Senior Data Scientist,"Seattle, WA"
Data Scientist,"Chicago, IL"
Data Scientist,"Indianapolis, IN"
Data Scientist (individual contributor),"Columbus, OH"
Data Scientist,"Saint Paul, MN"
Data Scientist,"Reno, NV"
Data Scientist,"Boston, MA"
Data Scientist,"Austin, TX"
Data Informatics Analyst,"Boston, MA"
Data Scientist,"Seattle, WA"
"Applied Science Intern, Machine Learning","Seattle, WA"
"Siri - Sr. Data Scientist, Data Organization","Santa Clara Valley, CA"
"Data Scientist, Digital Marketing Analytics","Burbank, CA"
Decision Scientist - AR/VR,"Menlo Park, CA"
Data Science (Telematics) Intern,"Redmond, WA"
Data Scientist,"Fort Mill, SC"
Decision Scientist,"Richmond, VA"
Data Scientist - Health Care,"San Francisco, CA"
Junior Data Scientist,"Birmingham, AL"
Data Scientist,"Denver, CO"
Engineer- Python & Machine Learning,"Phoenix, AZ"
Data Scientist,"Tacoma, WA"
Marketing Campaign Analytics Data Scientist - Consumer Bank,"Columbus, OH"
Machine Learning Engineer - Search,"San Francisco, CA"
Data Scientist Fraud,"Sioux Falls, SD"
Artificial Intelligence Consultant,"San Jose, CA"
Spring 2020 Data Science Intern,"Phoenix, AZ"
Data Scientist,"Irving, TX"
Data Scientist Sr,United States
Full Time Opportunities for PhD Students or Recent Graduates: Machine Learning,"Redmond, WA"
Data Scientist,"Dallas, TX"
Data Scientist,"Raleigh, NC"
Data Scientist,"Indianapolis, IN"
Data Scientist,"New York, NY"
Data Scientist,"South Jordan, UT"
Senior Data Scientist - Customer Analytics,"San Antonio, TX"
"Data Science Manager, Messenger","Menlo Park, CA"
iCloud Data Science Software Engineer - Cupertino & San Francisco,"Santa Clara Valley, CA"
Machine Learning Researcher / Computational Neuroscientist,"Santa Clara Valley, CA"
Machine Learning Research Engineer - META Cortex,"San Francisco, CA"
Data Scientist,"Campbell, CA"
Data Scientist,United States
Data Scientist,"Overland Park, KS"
Data Scientist,"Coraopolis, PA"
Data Science Internship,"Raleigh, NC"
Data Scientist,"New York, NY"
Data Scientist - Marketing,"Atlanta, GA"
Data Scientist.,"Cincinnati, OH"
$130K-$145K | Data Scientist | Contract-Hire | Some Remote Work,"Nashville, TN"
Data Scientist,"Raleigh, NC"
"Data Scientist Researcher- Houston, TX","Houston, TX"
Machine Learning Engineer,"Seattle, WA"
Data Scientist Fraud,"Sioux Falls, SD"
Data Science and Analytics Leader,"Los Gatos, CA"
Data Scientist Intern,"Champaign, IL"
Jr. Data Scientist,"Herndon, VA"
"Data Scientist, Analytics - Ads Manager","Seattle, WA"
Data Scientists – Machine Learning,"Alpharetta, GA"
"Technical Curriculum Lead, Machine Learning, Google Cloud","Austin, TX"
Intern - Personalized Healthcare Data Science - Product Development,"South San Francisco, CA"
Data Scientist,"Raleigh, NC"
Director of Actuarial Data Scientist,"Austin, TX"
Senior Data Scientist,New York State
Data Scientist,"Indianapolis, IN"
Data Scientist,"Saint Paul, MN"
Data Scientist,"Cape Canaveral, FL"
HR Decision Scientist (PH),"Lake Buena Vista, FL"
NLP Data Scientist /Analytic Consultant 4,"Dallas, TX"
Data Scientist,"Deerfield Beach, FL"
"VP, Artificial Intelligence, Data & Innovation","San Jose, CA"
Machine Learning Engineer,"San Jose, CA"
Data Scientist: Deep Learning & NLP,"Menlo Park, CA"
Data Scientist,"San Francisco, CA"
Data Science Division,"Cambridge, MA"
Marketing Data Scientist,"Irvine, CA"
Internship Opportunities for PhD Students: Data & Applied Sciences,"Redmond, WA"
"VP, Analytics & Data Science","Austin, TX"
Sr. Data Analyst,"Jersey, GA"
Data Scientist,"Ann Arbor, MI"
HPC / Computational Data Scientist with Clearance,"Washington, DC"
Data Scientist,"Indianapolis, IN"
Connected Services Data Scientist,"Auburn Hills, MI"
"Data Scientist / BI Developer - Python, R, SAS, Power BI (Remote)","Phoenix, AZ"
Data Scientist - IoT (Chicago),"Chicago, IL"
Data Scientist - AI Labs,"Palo Alto, CA"
Senior Data Scientist,"Bellevue, WA"
Intern Data Scientist,"Seattle, WA"
Statistical Data Analyst - Open Rank,"Princeton, NJ"
Data Scientist I (668421),"Boulder, CO"
Mathematical Optimization Research Scientist (MS),"Spring, TX"
"Data Scientist (PYTHON, HADOOP)","Johns Creek, GA"
"Associate, Data Science (2020 Master's Graduates Only)","Houston, TX"
GPU-Accelerated Data Analytics Software Intern,"Austin, TX"
Data Scientist II,"Overland Park, KS"
Data Scientist,"South Jordan, UT"
"$65/hr | Data Scientist/R/Python/NoSQL | Nashville, TN","Brentwood, TN"
Data Scientist,"Cape Canaveral, FL"
Siri - Data Engineer,"Santa Clara Valley, CA"
Data Science Intern - Summer 2020,"Washington, DC"
Staff Data Scientist- Big Data,"Bentonville, AR"
Explainable Artificial Intelligence and Topological Data Analysis (Full-Time),"Wright-Patterson AFB, OH"
ML/Data Science Intern (Summer 2020),"San Francisco, CA"
Data Science Analyst,"San Francisco, CA"
Clinical Data Specialist - RA-Radiological Science,"Dallas, TX"
Jr. Data Scientist- Data Science Development Program,"Amherst, MA"
Machine Learning Engineer - Language Modeling (German),"Santa Clara, CA"
Explainable Artificial Intelligence and Topological Data Analysis (Part-Time),"Wright-Patterson AFB, OH"
Data Scientist,"Wilmington, DE"
Lead Data Scientist - Modeling,"New York, NY"
Data Scientist-Fraud,"Boston, MA"
Federal - Data Scientist,"Washington, DC"
"Machine Learning Engineer, Ad Platforms","Santa Clara Valley, CA"
"Data Scientist (BCMA), VP","New York, NY"
PhD. Graduate - Data Science 1,"Seattle, WA"
"Siri - Machine Learning Engineer, Advanced Development","Santa Clara Valley, CA"
Senior Data Analyst,"Durham, NC"
Marketing Data Science Intern - Summer 2020,"Oklahoma City, OK"
Data Science Intern,"San Francisco, CA"
Data Science / Ops Research / Statistics / Mathematics Intern - SUMMER 2020,"Bedford, MA"
Asset & Wealth Management – Intelligent Digital Solutions – Data Science and Machine Learning Team – Analyst/Associate,"New York, NY"
Senior Data Scientist,"San Jose, CA"
Data Scientist/Sr. Data Scientist,"Piscataway, NJ"
Data Scientist,"Cape Canaveral, FL"
"Senior Data Scientist, Forecasting","New York, NY"
Data Scientist,"Plano, TX"
Data Scientist - Entry Level,"Washington, DC"
Staff Data Scientist - Machine Learning,"New York, NY"
Data Scientist,"San Francisco, CA"
Data Scientist - Freight Pricing,"San Francisco, CA"
Machine Learning Scientist - Health Sensing,"Santa Clara Valley, CA"
Data Scientist - Quality Systems,"Fremont, CA"
Summer Internship in Machine Learning,"Malibu, CA"
Data Scientist,"San Carlos, CA"
Data Scientist,"San Francisco, CA"
Fraud Data Scientist,"Boston, MA"
Lead Data Scientist - Center of Excellence for Data and Analytics,"St. Louis, MO"
Senior Data Scientist - Credit Modeler,"Lake Mary, FL"
"Data Scientist, Basketball Integrity","New York, NY"
"Software Engineer - Machine Learning Data and Observability, Cortex","Boulder, CO"
Staff Data Scientist (GEC11903),"Sunnyvale, CA"
"Data Scientist, Machine Learning","Durham, NC"
Artificial intelligence (AI) and machine learning in nanoscience,"Aiken, SC"
Machine Learning Program Manager,"Austin, TX"
Data Scientist Forecasting,"Atlanta, GA"
Data Scientist - Strategic Data Science,"New York, NY"
Analyst Intern - Data Science & Solutions,"Edmond, OK"
NLP & Deep Learning Research Internship,"Seattle, WA"
Data Scientist,"San Francisco, CA"
Data Scientist,"Houston, TX"
Data Scientist/Data Science Instructor,"New York, NY"
Data Scientist / Data Visualization,"Bethesda, MD"
Data Scientist,"Saint Paul, MN"
Data Scientist Lead,"Costa Mesa, CA"
Data Scientist-Fraud,"Boston, MA"
Head of Data Science,"San Francisco, CA"
Data Scientist,"New York, NY"
Data Scientist Intern - Summer 2020,"Schaumburg, IL"
Data Science Analyst,"Purchase, NY"
Data Scientist,"Seattle, WA"
Behavioral Scientist/ Scientific Data Analyst*,"Atlanta, GA"
Staff Data Scientist - Ecomm,"Sunnyvale, CA"
"Head of Data Science, Instagram Experience","New York, NY"
Machine Learning Engineer,"Palo Alto, CA"
Data Scientist,"Richardson, TX"
Data Scientist,"Alpharetta, GA"
Senior Data Scientist,"Roseland, NJ"
Data Scientist,"Chicago, IL"
Research Intern - Machine Learning and Optimization,"Redmond, WA"
"Internship - Data Scientist, Denver CO (Summer 2020)","Denver, CO"
Research Associate - Deep Learning /Computer Vision,"San Diego, CA"
Staff Data Scientist,"San Francisco, CA"
Data Scientist - Cross Asset Desk Strategist Team,"New York, NY"
"Data Scientist, Personal Safety","San Francisco, CA"
"Director, Data Science & Consumer Insights","Edison, NJ"
Senior Data Scientist,"Austin, TX"
Data Scientist - Client Recommendations,"San Francisco, CA"
Visualization/Data Scientist,"Waltham, MA"
Data Scientist (Algorithm Development) - Machine Learning & AI,"Menlo Park, CA"
Lead Data Scientist,"San Jose, CA"
Sr. Data Scientist - Deep Learning and NLP Expert,"Chicago, IL"
Sr. Data Scientist,"Miami, FL"
Data Science Specialist USA,United States
Data Scientist,United States
Research Engineer - Machine Learning for Autonomous Driving Behavior,"Austin, TX"
Intern - AI/Machine Learning,"Bloomington, MN"
Data Scientist (PhD),"Spring, TX"
Data Scientist,"Newark, NJ"
Asset Management - Global Equities - Data Science - Analyst/Associate,"New York, NY"
NASA SMAEC II Data Scientist,"Houston, TX"
Graduate Research Externship - Artificial Intelligence,United States
Data Scientist,"Manhattan, NY"
Data Scientist - Risk and Payments,"San Francisco, CA"
Property Casualty Insurance Data Scientist #86679,"Saint Petersburg, FL"
Data Scientist,"Bethesda, MD"
Sr. Data Scientist: Computer Vision & Deep Learning,"Chicago, IL"
NLP Data Scientist /Analytic Consultant 4,"Tempe, AZ"
Data Scientist,"Alpharetta, GA"
Business Intelligence Analyst,"Arlington, TX"
"Sr. Data Scientist, Internal Audit","Dallas, TX"
Research Data Scientist,"San Francisco, CA"
Data Science Internship,"Washington, DC"
Data Science Intern - Lab41,"Menlo Park, CA"
Product Developer and Data Scientist,"Jersey City, NJ"
Machine Learning Research Engineer,"Pittsburgh, PA"
eCommerce Data Science Intern,United States
"Commercial Banking –Data Science, Analytics Manager","Palo Alto, CA"
Machine Learning Engineer (Conversational AI Group),"Seattle, WA"
INTERN - DATA SCIENTIST - SUMMER 2020,"Broomfield, CO"
"Sr. Associate, Data Scientist Machine Learning","Dallas, TX"
Senior Data Scientist,"Chicago, IL"
Data Engineer - Tableau/ETL/PowerBI,"Irving, TX"
Sr. Computational Physicist / Applied Mathematician,"Austin, TX"
"Chief Data & Analytics Officer, GRS","Boston, MA"
NLP Data Scientist /Analytic Consultant 4,"Irving, TX"
C13-Strategic Analytics and International Modeling,"Irving, TX"
Data Scientist/Specialist,"Houston, TX"
"Data Scientist, Models and Algorithms","San Francisco, CA"
Client Success data Scientist,"Nashville, TN"
Data Scientist,United States
Data Science Intern,"San Francisco, CA"
Data Scientist,United States
Data Scientist M/F - Houston Office,"Houston, TX"
Senior Director - Data Science (NSRL),"Portland, OR"
Senior Data Scientist,"Irving, TX"
Data Scientist,"Orlando, FL"
Data Scientist,"San Francisco, CA"
Machine Learning Engineer,"San Jose, CA"
Data Scientist,"New York, NY"
Data Scientist,"Fremont, CA"
Data Scientist,"Fort Worth, TX"
Associate Data Scientist,"Cedar Rapids, IA"
Data Scientist (Geo-spatial),"Boston, MA"
Data Scientist,"Peapack and Gladstone, NJ"
Staff Data Scientist - NLP,"Sunnyvale, CA"
"Manager, Data Science and Statistician","Seattle, WA"
Machine Learning/AI Researcher,"San Francisco, CA"
Machine Learning/Artificial Intelligence Program Support Scientist,"San Diego, CA"
"Deep Learning Scientist, Algorithms - Autonomous Vehicles","Santa Clara, CA"
DATA SCIENTIST,"Bradenton, FL"
"Machine Learning Engineer, Siri Search Relevance","Santa Clara Valley, CA"
Machine Learning Research Intern,"San Francisco, CA"
Data Scientist,"Seattle, WA"
Data Scientist,"Fort Meade, MD"
"Data Scientist Analyst, Advisory","Atlanta, GA"
Data Scientist,"Bradenton, FL"
Data Scientist - Electrical Power Grid,"Arlington, VA"
Weapon System Applied Mathematician,"Laurel, MD"
Data Scientist,"Alpharetta, GA"
Data Scientist (Exploration Technology),"Houston, TX"
Data Scientist - Machine Learning,"Atlanta, GA"
Data Scientist - Statistician,"Atlanta, GA"
Data Science Intern,"New York, NY"
"Research Intern, Artificial Intelligence","New York, NY"
Vans Associate Data Scientist,"Costa Mesa, CA"
Machine Learning Engineer Intern,"Morrisville, NC"
Data Scientist,United States
Data Scientist - Insurance Modeling,"Chicago, IL"
Data Scientist - Finance,"Seattle, WA"
DATA SCIENTIST,"Madison, WI"
Data Scientist,"Raleigh, NC"
Senior ETL Data Analyst,"Brewster, NY"
Data Scientist,"Fort Meade, MD"
Data Scientist,"Boston, MA"
Senior Data Scientist,"Seattle, WA"
Lead Data Scientist,"San Jose, CA"
Data Scientist,"Ann Arbor, MI"
"Data Scientist, New Graduate (2020)","Pittsburgh, PA"
"Data Scientist, Intern (2020)","Pittsburgh, PA"
Machine Learning QA Engineer,"Santa Clara Valley, CA"
"Sr. Machine Learning Engineer, Apple Retail Data Sciences","Santa Clara Valley, CA"
Lead Data Scientist,"Minneapolis, MN"
Data Scientist,"Dallas, TX"
Sr. Data Scientist - Investigations,"San Francisco, CA"
"sr decision scientist, Applied Analytics","Seattle, WA"
Computer Vision Intern - Deep Learning,"San Francisco, CA"
"Director, Data Science","Wayne, PA"
Risk Analytics Data Scientist Senior Consultant,"Jacksonville, FL"
Data Scientist,"Alpharetta, GA"
Senior Data Analyst,"Chicago, IL"
Data Scientist (Fraud Detection),"Boston, MA"
Business Systems Analyst - Data Science,"Springfield, MA"
"Internship - Data Scientist, Denver CO (Summer 2020)","Denver, CO"
"Data Scientist, Legal","San Francisco, CA"
"Data Scientist, Analytics - Machine Translation","Menlo Park, CA"
Game Mathematician,"Reno, NV"
Data Science Sol Ld,United States
Data Scientist – Statistics and Machine Learning (PhD),"Indianapolis, IN"
Senior Data Scientist – Premium,"New York, NY"
"Sr. Data Analyst, Scaled Enforcement","San Francisco, CA"
Computer Vision - Data Scientist - AI - Robotics Engineer,"Cleveland, OH"
"Data Scientist, Analytics - Ads Ranking","Menlo Park, CA"
Senior Data Scientist – Disney +,"Glendale, CA"
Fintech Senior Data Scientist,"Malvern, PA"
Data Scientist,"New York, NY"
Principal Data Scientist,"Atlanta, GA"
Director of Data Science & Machine Learning,"Atlanta, GA"
Data Scientist,"San Francisco, CA"
Data Scientist,"Seattle, WA"
Data Scientist,"Lakewood, CO"
Data Science Co-op,"Cambridge, MA"
Machine Learning Data Scientist/Engineer,"San Francisco, CA"
Data Scientist,"Irving, TX"
Data Science-Developer,"Austin, TX"
RESEARCH STATISTICIAN I - OAHU,Hawaii
Data Science Intern (Spring 2020),"Bedford, MA"
"Director, Analytics & Data Science","Redmond, WA"
Data Scientist,"Reston, VA"
Data Systems Engineer,"Charlotte, NC"
Senior Research Analyst or Senior Data Analyst,"Rocklin, CA"
Research Program Manager - Machine Learning,"Seattle, WA"
Risk Analytics Data Scientist Senior Consultant,"Northbrook, IL"
Data Scientist,"Boston, MA"
Principal Data Scientist,"Boston, MA"
Data Science Intern (Summer 2020),"San Francisco, CA"
Predoctoral Appointee - Machine Learning for Probablistic Forecasting,"Lemont, IL"
Data Scientist,"Davidson, NC"
Data Scientist,"San Jose, CA"
Data Scientist,"Seattle, WA"
"Data Analyst Manager, Trust and Safety, YouTube Monetization","San Bruno, CA"
Machine Learning / Data Scientist Internship (Summer 2020) - San Diego,"San Diego, CA"
VP Data & Analytics,"San Francisco, CA"
Data Scientist,"San Francisco, CA"
Business System Analyst - Data and Statistical Science,"Lake County, IL"
NLP Data Scientist /Analytic Consultant 4,"San Francisco, CA"
Data Scientist,"South Jordan, UT"
Arity- Sr Data Scientist,"Chicago, IL"
2020 PhD University Graduate - Data Scientist - Uber Eats (San Francisco),"San Francisco, CA"
Data Scientist,"Atlanta, GA"
"VP, Data Scientist Lead","Plano, TX"
Machine Learning Researcher,"Palo Alto, CA"
HomeKit Engineer- Computer Vision/Machine Learning,"Santa Clara Valley, CA"
Sr. Data Analyst,"Santa Clara Valley, CA"
"Cloud Data Engineer, Revenue Science","San Francisco, CA"
Data Scientist,"Newport Beach, CA"
Field Test and Feature Analysis Engineer - Computer Vision,"Santa Clara Valley, CA"
"Specialist, Data Science - Sales Analytics","Atlanta, GA"
Senior Data Scientist,"San Francisco, CA"
Risk Analytics Data Scientist Senior Consultant,"Northbrook, IL"
TV Data Scientist,"New York, NY"
Machine Learning Research Engineer,"Pittsburgh, PA"
Sr Data Scientist,"Johnston, RI"
Data Scientist,"Chicago, IL"
Data Scientist Lead/Manager,"Santa Clara Valley, CA"
data scientist,United States
Senior Data Scientist,"Hollywood, CA"
Machine Learning / Data Scientist Engineer (,"Portland, OR"
Artificial Intelligence Intern,United States
Data Science Intern,"San Francisco, CA"
Senior Data Scientist - Machine Learning,"New York, NY"
Data Science Intern,"Salt Lake City, UT"
"Data Scientist, Apple Pay Security","Santa Clara Valley, CA"
Data Scientist,"Philadelphia, PA"
Senior Data Scientist,"Washington, DC"
Data Scientist,"Pittsburgh, PA"
Senior Data Analyst,"Atlanta, GA"
Senior Data Scientist,"Atlanta, GA"
Senior Data Scientist - Experimental Design,"Charlotte, NC"
Data Science/ML engineer with specialty in NLP and computer vision,"New York, NY"
"DATA SCIENTIST, Neuroscience","Boston, MA"
Data Scientist - San Francisco,"San Francisco, CA"
Data Science / Machine Learning Engineer,"Tampa, FL"
Business Analyst - Data Modeler (Contract),"Austin, TX"
Senior Data Scientist,"Austin, TX"
Machine Learning Engineer - Language Modeling,"Santa Clara, CA"
Senior Data Scientist – Customer Support Experience,"New York, NY"
Data Scientist - Cyber Risk,United States
2020 Data Science Summer Internship,"Washington, DC"
Data Scientist,"Irving, TX"
SENIOR BIOMEDICAL DATA SCIENTIST,"San Francisco, CA"
Data Scientist-Television Focus,"Boston, MA"
Biological Data Scientist,"Rockville, MD"
"Sr. Manager, Data Science","Austin, TX"
Data Scientist,"New York, NY"
Quantitative Analytics Specialist - Credit and PPNR Modeling,"Atlanta, GA"
Data Scientist - Forecasting,"New York, NY"
Data Scientist / Applied Mathematician,"Santa Cruz, CA"
Data Scientist,"Los Angeles, CA"
"Associate Data Scientist, Consumer Analytics","Charlotte, NC"
"Data Scientist, Analytics - Messenger Performance","Seattle, WA"
"Data Scientist, Baseball Research & Development","Cleveland, OH"
Data Scientist,"Ashburn, VA"
Data Scientist,"Minneapolis, MN"
Machine Learning Expert,"Salt Lake City, UT"
Sr. Data Scientist,"Atlanta, GA"
AI/ML - Full Stack Software Engineer,"Seattle, WA"
Developer Advocate - AI / IOT / Computer Vision / Python,"San Francisco, CA"
Senior Data Analyst,"Los Angeles, CA"
NLP Data Scientist /Analytic Consultant 4,"Des Moines, IA"
"Sr. Manager, Data Scientist","San Francisco, CA"
Senior Data Scientist,"Mountain View, CA"
Data Scientist,"Los Angeles, CA"
Lead Data Scientist,"Alpharetta, GA"
Data Scientist - Predictive Modeling,"Tempe, AZ"
Analytics and Data Scientist Specialist,"Houston, TX"
"Data Analyst, Data Analytics & AI","Miami, FL"
"Research Scientist, Computer Vision","Seattle, WA"
Data Scientist,"Stanford, CA"
RET DESIGN DATA SCIENTIST,"Hillsboro, OR"
"Data Scientist, Analytics - Video Integrity","Menlo Park, CA"
ASSOCIATE / JUNIOR DATA SCIENTIST,"Atlanta, GA"
Data Scientist-Fraud,"Boston, MA"
Staff Data Scientist,"San Jose, CA"
Data Scientist,"Madison, WI"
Machine Learning Developer,"Pittsburgh, PA"
Data Scientist,"New York, NY"
Data Scientist,"Atlanta, GA"
Data Scientist,New York State
Data Scientist/IT Auditor,"Dallas, TX"
Merchant Services - Payments Data Analytics & Science Manager Associate,"New York, NY"
Data Scientist I,"Phoenix, AZ"
Data Scientist Intern,"Urbandale, IA"
Data Scientist,"Dallas, TX"
Senior Data Scientist,United States
Data Scientist,United States
Data Scientist,"Dallas, TX"
Deep Learning Acceleration Engineer,"Santa Clara Valley, CA"
Principal Data Scientist,"Malvern, PA"
Data Scientist,"San Francisco, CA"
Senior Research Analyst or Senior Data Analyst,"San Jose, CA"
Sr. Data Scientist - Deep Learning and NLP Expert,"Bothell, WA"
Data Scientist,"Saint Paul, MN"
Senior Data Scientist,"Santa Ana, CA"
"Technical Sourcer, Software Engineering and Machine Learning","Seattle, WA"
Data Science- Product,"San Francisco, CA"
Juñior Data Scientist,"Boston, MA"
Artificial Intelligence Software Intern,"Hillsboro, OR"
Data Scientist,"Boise, ID"
PwC AI Lab - Data Scientist - Machine Learning (NLP),"Tampa, FL"
"Data Scientist, Analytics - Spark AR","Menlo Park, CA"
Applied Scientist - Machine Learning,"San Francisco, CA"
Data Scientist,"Marshfield, WI"
Machine Learning Infrastructure Engineer,"Santa Clara Valley, CA"
Senior Data Scientist / Artificial Intelligence / Machine Learning / AI/ML Scientist,"Malvern, PA"
Senior Bioinformatician/Data Scientist – Proteomics – Massachusetts,Massachusetts
Junior Data Science Engineer,"Raleigh, NC"
PSEGLI Senior IT Data Analyst,"Bethpage, NY"
Data Scientist,"Chicago, IL"
IT - DATA SCIENTIST,"Alexandria, VA"
Data Science Associate,"Atlanta, GA"
Data Scientist - Demand Forecasting,"Seattle, WA"
Data Science Internship,"Omaha, NE"
Sr Data analyst,"Carlsbad, CA"
Data Scientist,"Irving, TX"
"Data Scientist, MO for Economic Opportunity","Brooklyn, NY"
"Business Data Science Manager, Apple Media Products Data Science","Santa Clara Valley, CA"
Data Scientist,"Cleveland, OH"
"Data Scientist, Zillow Offers ML Team","Seattle, WA"
Data Science Research–Artificial Intelligence Intern,"San Jose, CA"
Data Scientist-Fraud,"Boston, MA"
Arity-Data Scientist-Sr Manager,"Chicago, IL"
"Senior Data Analyst – Disney+ Product, Customer Growth","New York, NY"
Risk Analytics Data Scientist Senior Consultant,"Charlotte, NC"
Data Science/Anomaly Detection Intern,"Cambridge, MA"
Data Science Analyst,"Seattle, WA"
"Data Scientist, Analytics - Ads Infrastructure","Seattle, WA"
"Data Scientist, Online Search","Atlanta, GA"
Data Scientist,United States
Data Scientist,"San Carlos, CA"
Data Engineering Internship,"Boston, MA"
"Manager, Data Science & Management Insights","Universal City, CA"
Data Scientist - Deep Learning,"Mountain View, CA"
Business Data Scientist,"Raleigh, NC"
Data Scientist,"Basking Ridge, NJ"
"Associate, Data Science","Boston, MA"
Machine Learning Engineer,"Boulder, CO"
"Director, Machine Learning & Data Science","Alpharetta, GA"
Data Scientist (Modeling & Simulation/Robotics Process Automation),"Chantilly, VA"
"Specialist, Data Science","Columbus, OH"
AI Reasoning and Data Science Intern,"Arlington, VA"
Principal Data Scientist,"Plano, TX"
"Data Science Strategist, Connectivity, NA","Menlo Park, CA"
Data Scientist,"Titusville, NJ"
Internship - Data Science,"Washington, DC"
Sr Data Scientist - Customer Engagement and Platform Strategy Team,"San Francisco, CA"
DATA SCIENCE SUMMER 2020 INTERN,"Chicago, IL"
CIB - Applied AI & Machine Learning Associate,"New York, NY"
"Data Scientist, New Graduate (2020)","Pittsburgh, PA"
Siri Search and Knowledge - Senior Data Analyst,"Santa Clara Valley, CA"
Data Science Intern,"Westminster, CO"
Machine Learning Engineer - Visa Research,"Palo Alto, CA"
Marketing Campaign Analytics Data Scientist - Consumer Bank,"Columbus, OH"
Machine Learning Software Intern,"Santa Clara, CA"
Data Science Intern,"Atlanta, GA"
Sr. Data Analyst,"Austin, TX"
Machine Learning Engineer - Health ML,United States
Associate Scientist or Scientist – Real-World Evidence/Data Analytics,"Boston, NY"
Lead Data Scientist,"San Jose, CA"
Senior Data Analyst - GLCC,"Niles, IL"
Sr. Customer Data Analyst,"Seattle, WA"
Data Scientist - Media Analyst - Storyteller (Local / Remote),"Columbus, OH"
Data Scientist,"Raleigh, NC"
Data Scientist,"Wilmington, DE"
Data Security and Privacy Consultant,Remote
Statistician,"Houston, TX"
Sr Data Scientist,"Chicago, IL"
Lead Data Scientist,"Boston, MA"
Principal Data Scientist - NLP,"San Francisco, CA"
Data Scientist/Hardware PM,"Redmond, WA"
Data Science Intern,"Santa Monica, CA"
Campus Recruiting: Full Time Data Scientist/Data Analytics (Data Analyst 2 - Ecomm),"Sunnyvale, CA"
"Data Scientist, Growth Data Science","San Francisco, CA"
ATTD Data Analytics and Statistical Methods Intern,"Phoenix, AZ"
Data Scientist - Analytics and Machine Learning,"San Francisco, CA"
Computational Scientist – Physics based identification of anomalous sensor data through machine learning and edge computing,Remote
Sr. Data Analyst,"Austin, TX"
Data Scientist,"Richland, WA"
IT Data Scientist 2020 Internship,"Chicago, IL"
Machine Learning Engineer - Intern,"Seattle, WA"
NLP Data Scientist /Analytic Consultant 4,"Atlanta, GA"
Senior Data Scientist,"Washington, DC"
Data Scientist,"New York, NY"
Data Scientist,"Wilmington, DE"
"Director, Data Science and Machine Learning","Dallas, TX"
Data Scientist(Senior) - 283922,"Houston, TX"
Machine Learning Researcher,"New York, NY"
Data Scientist,"Fort Worth, TX"
Senior Data Scientist,"Plano, TX"
Senior Data & Applied Scientist,"Redmond, WA"
"Data Scientist, Experimentation","New York, NY"
"Product Analytics Lead, Data Science","New York, NY"
Data Scientist,"San Jose, CA"
Abbott Nutrition Data Science Internship,"Columbus, OH"
Data Scientist - AI Career Program,"Palo Alto, CA"
Applied Data Scientist,United States
Speaker Management for Data Science/AI conference,"Boston, MA"
Data Visualization Engineer - Machine Learning,"Centennial, CO"
Data Scientist IV,"Holmdel, NJ"
Data Scientist,"Alpharetta, GA"
Sophomore Intern - Autonomy Data Scientist,"Severn, MD"
Operations Data Scientist,"San Francisco, CA"
CCB - Quantitative Modeler / Data Scientist - Associate,"New York, NY"
Data Scientist I,"Buffalo, NY"
Sr. Data Scientist / Data Scientist,"Minneapolis, MN"
Data Scientist Machine Learning Engineer,"Dallas, TX"
DATA SCIENTIST,"Seattle, WA"
Data Scientist – Logistics Optimization Algorithms,"Denver, CO"
"Sr. Consultant, Finance Data & Analytics","Houston, TX"
Data Science Intern,"Sunnyvale, CA"
Deep Learning Staff Data Scientist,"Sunnyvale, CA"
Data Analyst/Data Scientist,"Los Angeles, CA"
Lead Data Scientist,"San Jose, CA"
Data Scientist,"Menlo Park, CA"
Data Scientist,"New York, NY"
"Data Scientist Intern, Analytics (PhD)","New York, NY"
"Associate, Reporting & Analytics","New York, NY"
Data Science Intern,"Norcross, GA"
Data Science Research Internship,"Seattle, WA"
Students Team Coordinator (7397U) Job 2598 - Division of Data Science & Information - 2598,"Berkeley, CA"
"Data Science, Intern (Personalization)","San Francisco, CA"
Sr Data Scientist Advanced Analytics,"Hershey, PA"
Machine Learning Research Engineer - Recommender System,"San Francisco, CA"
Data Scientist,"New York, NY"
Decision Science Consultant,"Lake Buena Vista, FL"
Intern - Statistical/Machine Learning Analyst,"Atlanta, GA"
Data Scientist with active TS/SCI and polygraph,"Bethesda, MD"
Senior Principal Data Scientist,"Atlanta, GA"
Data Analyst Sr,"Cleveland, OH"
Data Scientist,"Plano, TX"
Data Science & Analytics,"South Jordan, UT"
"Senior Data Analyst, Search Analytics","San Francisco, CA"
Sr Data Scientist,"Houston, TX"
Need Immediate Data Scientist at NYC (FULL TIME),"New York, NY"
Data Scientist - Bioinformatics,"Cleveland, OH"
"Data Scientist - Client Acquisitions, Visitor Experience","San Francisco, CA"
Research Associate - Data Science -Core QBRC,"Dallas, TX"
"Data Scientist San Francisco, CA","San Francisco, CA"
Media Mix Modeling - Data Scientist,"Northville, MI"
"Senior Mathematician, Game of Thrones Slots","Austin, TX"
Data Scientist,"Alpharetta, GA"
Data Scientist,"Bethesda, MD"
Data Scientist,"New York, NY"
Data Scientist,"Arlington, VA"
Sr. Data Scientist,"San Jose, CA"
Arity- Sr Data Scientist - Geospatial,"Chicago, IL"
Lead Data Scientist,"New York, NY"
Data Scientist - Early Career,"Livermore, CA"
Data Scientist (Alpharetta),"Alpharetta, GA"
Data Science Intern,"Seattle, WA"
"Research Intern - Computer Vision, Machine Learning, Graphics, Sound Propagation within IMG","Redmond, WA"
Data Scientist,"Washington, DC"
Data Scientist-Machine Learning and Predictive Analytics,"Tempe, AZ"
"Finance Analyst, AI","Menlo Park, CA"
Data Scientist (Full Time) - United States,"San Jose, CA"
"VP, AI and Machine Learning","Seattle, WA"
Data Scientist,"Chicago, IL"
Strategic Project Management Lead (IT/Data Migration),"Washington, DC"
Senior Data Scientist,"Washington, DC"
Senior Data Analyst - Tech,"Bentonville, AR"
Sr. Data Scientist III,"Eden Prairie, MN"
Practice Leader - Data & Analytics,"Austin, TX"
Research Intern - Machine Learning,"Cambridge, MA"
Junior Data Scientist,"Tysons, VA"
"Data Scientist, MO for Economic Opportunity","Brooklyn, NY"
Sr Data Scientist 0380,"Philadelphia, PA"
Data Scientist,"Mountain View, OR"
"Sales Director, Data Science and Artificial Intelligence Products","Dallas, TX"
Economist/Statistician - Amazon Search Technologies,"Palo Alto, CA"
Test Engineer - Machine Learning Software,"San Jose, CA"
Research Engineer - Machine Learning,"Austin, TX"
Data Scientist,"Eden Prairie, MN"
"Staff Data Scientist, Business Analytics - Payments","Mountain View, CA"
Data Scientist,"San Jose, CA"
SR Data Scientist,"Detroit, MI"
Senior Data Scientist - Tech,"Bentonville, AR"
Manager- Data Science,"San Francisco, CA"
"NLP ML Engineer, Proactive Intelligence","Santa Clara Valley, CA"
Data Scientist,"Downers Grove, IL"
"Specialist SA, Machine Learning/AI Services","Austin, TX"
Machine Learning Intern,"Norcross, GA"
Data Scientist - Forecasting,"Philadelphia, PA"
"Data Scientist, Licensing Finance","New York, NY"
Senior Data Analyst,"Albany, NY"
Senior Data Scientist,"Cincinnati, OH"
Data Scientist,"Kennesaw, GA"
"Director, Data Scientist","San Francisco, CA"
Data Scientist I,"Fort Lewis, WA"
Bioinformatics Data Scientist,"New York, NY"
"Data Scientist, Analytics - Product Quality","Menlo Park, CA"
"Senior Data Scientist, Advanced Marketing Analytics","New York, NY"
SR DATA SCIENTIST SPACE OPTIMIZATION,"Atlanta, GA"
Research Scientist - Applied Machine Learning,"Santa Clara Valley, CA"
Data Science Practice Lead,"New York, NY"
Data Scientist (Telework Available in the DC Metro area),"Reston, VA"
"Associate, Data Science","Boston, MA"
Senior Machine Learning Scientist,"Los Gatos, CA"
Data Scientist,"San Francisco, CA"
Data Scientist,"New York, NY"
Senior Consultant - Data Scientist and Senior Economist,"Scottsdale, AZ"
Behavioral Data Scientist,"District Heights, MD"
Decision Scientist,"Cincinnati, OH"
Marketing Mix Modeler - Data Scientist,"Boston, MA"
"Manager, Engineering","Seattle, WA"
Mid-Level Data Scientist - Ad-Tech,"Oakland, CA"
Lead Data Scientist,"San Jose, CA"
Data Scientist,"New York, NY"
Data Scientist,"Pleasanton, CA"
Jr Data Scientist,"Irving, TX"
Data Scientist - Oil & Gas Industry,"Austin, TX"
Data Science Intern,"Centennial, CO"
Product Data Scientist - Ads Data Science,"San Francisco, CA"
"Vice President, Global IT Enterprise Analytics & Data","Houston, TX"
2020 Summer Internship Program – Data Science,"Honolulu, HI"
Senior Data Scientist,United States
Data Scientist,"San Francisco, CA"
Research Data Science Engineer,"Redmond, WA"
Data Scientist - Deep Learning,"Seattle, WA"
Data Scientist/Analyst,"Harrisburg, PA"
Computational Statistician,"Cambridge, MA"
Decision Scientist,"Cincinnati, OH"
"Lead Instructor, Principal Data Scientist","Phoenix, AZ"
TTP Data Scientist,North Dakota
Data Scientist,"Bellevue, WA"
"Intern, Software Engineering, Data Science","Mountain View, CA"
Scientist Global Data Science & Analytics,"Sylmar, CA"
Computational Biologist I - Data Science -Core QBRC,"Dallas, TX"
Senior Data Scientist,"San Francisco, CA"
Data Scientist-Master’s Degree Internship,"Cincinnati, OH"
Data Scientist,"Atlanta, GA"
Machine learning engineer — Perception,"Santa Clara Valley, CA"
Data Scientist,"Houston, TX"
Data Scientist/Analyst,"Harrisburg, PA"
Computational Statistician,"Cambridge, MA"
Decision Scientist,"Cincinnati, OH"
"Lead Instructor, Principal Data Scientist","Phoenix, AZ"
TTP Data Scientist,North Dakota
Data Scientist,"Bellevue, WA"
"Intern, Software Engineering, Data Science","Mountain View, CA"
Scientist Global Data Science & Analytics,"Sylmar, CA"
Computational Biologist I - Data Science -Core QBRC,"Dallas, TX"
Senior Data Scientist,"San Francisco, CA"
Data Scientist-Master’s Degree Internship,"Cincinnati, OH"
Data Scientist,"Atlanta, GA"
Machine learning engineer — Perception,"Santa Clara Valley, CA"
Data Scientist,"Houston, TX"
Data Scientist/Analyst,"Harrisburg, PA"
Computational Statistician,"Cambridge, MA"
Decision Scientist,"Cincinnati, OH"
"Lead Instructor, Principal Data Scientist","Phoenix, AZ"
TTP Data Scientist,North Dakota
Data Scientist,"Bellevue, WA"
"Intern, Software Engineering, Data Science","Mountain View, CA"
Scientist Global Data Science & Analytics,"Sylmar, CA"
Computational Biologist I - Data Science -Core QBRC,"Dallas, TX"
Senior Data Scientist,"San Francisco, CA"
Data Scientist-Master’s Degree Internship,"Cincinnati, OH"
Data Scientist,"Atlanta, GA"
Machine learning engineer — Perception,"Santa Clara Valley, CA"
Data Scientist,"Houston, TX"
Data Scientist/Analyst,"Harrisburg, PA"
Computational Statistician,"Cambridge, MA"
Decision Scientist,"Cincinnati, OH"
"Lead Instructor, Principal Data Scientist","Phoenix, AZ"
TTP Data Scientist,North Dakota
Data Scientist,"Bellevue, WA"
"Intern, Software Engineering, Data Science","Mountain View, CA"
Scientist Global Data Science & Analytics,"Sylmar, CA"
Computational Biologist I - Data Science -Core QBRC,"Dallas, TX"
Senior Data Scientist,"San Francisco, CA"
Data Scientist-Master’s Degree Internship,"Cincinnati, OH"
Data Scientist,"Atlanta, GA"
Machine learning engineer — Perception,"Santa Clara Valley, CA"
Data Scientist,"Houston, TX"
